{"cameraMode":{"drawMode":0,"name":"Shaded","section":"Shading Mode"},"sceneLighting":true,"audioPlay":false,"sceneViewState":{"m_AlwaysRefresh":false,"showFog":true,"showSkybox":true,"showFlares":true,"showImageEffects":true,"showParticleSystems":true,"showVisualEffectGraphs":true,"m_FxEnabled":true},"in2DMode":false,"pivot":{"x":-40.49694061279297,"y":-24.15078353881836,"z":-39.44907760620117},"rotation":{"x":0.6792264580726624,"y":0.0019820495508611204,"z":-0.0018346565775573254,"w":0.7339426279067993},"size":79.77102661132813,"orthographic":false}